is_human,has_code,text,code
1,0,Shared Chat•Model: Default,
0,0,"HTML to CSV ExtractionJune 28, 2023",
1,0,"import csv
from bs4 import BeautifulSoup

with open(""chat.html"", ""r"", encoding=""utf-8"") as file:
    html_content = file.read()

soup = BeautifulSoup(html_content, ""html.parser"")

entries = soup.select("".p-4.overflow-y-auto"")

data = []
for i in range(len(entries)):
    text = entries[i].text.strip()
    is_human = i % 2 == 0
    code = """"

    # Check if the entry contains code
    if entries[i].find(""code""):
        code = entries[i].find(""code"").text.strip()

    data.append((is_human, int(bool(code)), text, code))

print(""Chat data extracted successfully!"")

# Specify the filename for the CSV file
csv_filename = ""chat_data.csv""

# Define the CSV headers
headers = [""is_human"", ""has_code"", ""text"", ""code""]

# Write the data to the CSV file
with open(csv_filename, ""w"", newline="""", encoding=""utf-8"") as file:
    writer = csv.writer(file)
    writer.writerow(headers)
    writer.writerows(data)

print(f""Chat data saved to {csv_filename} successfully!"")
 코드 리뷰해줘",
0,0,"ChatGPTChatGPT안녕하세요! 주어진 코드는 BeautifulSoup을 사용하여 HTML 파일에서 채팅 데이터를 추출하고, 추출한 데이터를 CSV 파일로 저장하는 코드입니다. 코드의 기능을 살펴보고 리뷰해드리겠습니다.import csv: csv 모듈을 가져옵니다.from bs4 import BeautifulSoup: BeautifulSoup 모듈을 가져옵니다.with open(""chat.html"", ""r"", encoding=""utf-8"") as file:: ""chat.html"" 파일을 읽기 모드로 열고 file 변수에 할당합니다.html_content = file.read(): 파일의 내용을 읽어 html_content 변수에 저장합니다.soup = BeautifulSoup(html_content, ""html.parser""): BeautifulSoup을 사용하여 HTML 내용을 파싱하여 soup 객체를 생성합니다.entries = soup.select("".p-4.overflow-y-auto""): CSS 선택자 .p-4.overflow-y-auto에 해당하는 요소들을 모두 선택하여 entries에 할당합니다.data = []: 추출한 데이터를 저장할 빈 리스트 data를 생성합니다.for i in range(len(entries)):: entries의 각 요소에 대해 반복합니다.text = entries[i].text.strip(): 현재 요소의 텍스트를 가져와 좌우의 공백을 제거한 후 text 변수에 할당합니다.is_human = i % 2 == 0: 현재 인덱스가 짝수인지를 확인하여 is_human 변수에 할당합니다. 짝수 인덱스는 인간의 메시지를 나타냅니다.code = """": 코드를 나타내는 변수 code를 빈 문자열로 초기화합니다.if entries[i].find(""code""):: 현재 요소에 ""code"" 태그가 있는지 확인합니다.code = entries[i].find(""code"").text.strip(): ""code"" 태그를 찾아 해당 텍스트를 가져와 좌우의 공백을 제거한 후 code 변수에 할당합니다.data.append((is_human, int(bool(code)), text, code)): 추출한 데이터를 튜플 형태로 묶어 data 리스트에 추가합니다. 튜플의 요소는 인간 여부(is_human), 코드 존재 여부(bool(code)), 텍스트(text), 코드(code) 순서로 저장됩니다.""Chat data extracted successfully!"": 채팅 데이터 추출이 성공적으로 완료되었음을 출력합니다.csv_filename = ""chat_data.csv"": 저장할 CSV 파일의 이름을 지정합니다.headers = [""is_human"", ""has_code"", ""text"", ""code""]: CSV 파일의 헤더를 정의합니다. 각 열의 이름을 나타냅니다.with open(csv_filename, ""w"", newline="""", encoding=""utf-8"") as file:: CSV 파일을 쓰기 모드로 열고 file",
1,0,python에서 text와 code부분이 존재하는데 여기서 명사만을 추출해서 다른 파일로 저장하는 코드 작성해줘,
0,1,"ChatGPTChatGPT명사 추출을 위해 nltk 라이브러리를 사용할 수 있습니다. nltk를 설치한 후, 다음과 같이 코드를 수정하여 명사만 추출하여 다른 파일로 저장하는 기능을 추가할 수 있습니다:pythonCopy code
이 코드는 HTML 파일에서 명사를 추출하여 nouns라는 리스트에 저장하고, 추출한 명사를 ""nouns.txt""라는 파일에 한 줄에 하나씩 저장합니다. 코드 실행 후, nouns.txt 파일을 확인하면 추출된 명사를 확인할 수 있습니다.","import csv
from bs4 import BeautifulSoup
import nltk
from nltk.tokenize import word_tokenize
from nltk.tag import pos_tag

# Download required nltk resources
nltk.download('punkt')
nltk.download('averaged_perceptron_tagger')

with open(""chat.html"", ""r"", encoding=""utf-8"") as file:
    html_content = file.read()

soup = BeautifulSoup(html_content, ""html.parser"")

entries = soup.select("".p-4.overflow-y-auto"")

nouns = []  # List to store extracted nouns

for i in range(len(entries)):
    text = entries[i].text.strip()

    # Check if the entry contains code
    if entries[i].find(""code""):
        code = entries[i].find(""code"").text.strip()
    else:
        code = """"

    # Tokenize and tag words
    words = word_tokenize(text)
    tagged_words = pos_tag(words)

    # Extract nouns
    for word, tag in tagged_words:
        if tag.startswith(""NN""):  # Select words with tags starting with ""NN"" (nouns)
            nouns.append(word)

    # Extract nouns from code as well
    code_words = word_tokenize(code)
    code_tagged_words = pos_tag(code_words)
    for word, tag in code_tagged_words:
        if tag.startswith(""NN""):
            nouns.append(word)

# Specify the filename for the output file
output_filename = ""nouns.txt""

# Write extracted nouns to the output file
with open(output_filename, ""w"", encoding=""utf-8"") as output_file:
    output_file.write(""\n"".join(nouns))

print(f""Nouns extracted successfully and saved to {output_filename}!"")"
1,0,,
